Maintenance ID,Equipment ID,Service Date,Technician,Next Due Date
MTN-001,EQT-001,2023-01-31,Ali,2024-01-31
MTN-002,EQT-002,2023-03-31,Sana,2024-03-31
MTN-003,EQT-003,2023-05-31,John,2024-05-31
MTN-004,EQT-004,2023-07-31,Ayesha,2024-07-31
MTN-005,EQT-005,2023-09-30,Mark,2024-09-30
MTN-006,EQT-006,2023-11-30,Zara,2024-11-30
MTN-007,EQT-007,2024-01-31,Bilal,2025-01-31
MTN-008,EQT-008,2024-03-31,Emma,2025-03-31
MTN-009,EQT-009,2024-05-31,Rehan,2025-05-31
MTN-010,EQT-010,2024-07-31,Noor,2025-07-31
